<?xml version="1.0"?>
<!DOCTYPE hibernate-mapping PUBLIC "-//Hibernate/Hibernate Mapping DTD 3.0//EN"
"http://www.hibernate.org/dtd/hibernate-mapping-3.0.dtd">
<!-- Generated 7 Sep, 2017 7:26:21 PM by Hibernate Tools 4.3.1 -->
<hibernate-mapping>
    <class name="model.Department" table="department" catalog="mydb" optimistic-lock="version">
        <id name="departmentId" type="java.lang.Integer">
            <column name="Department_id" />
            <generator class="identity" />
        </id>
        <property name="dname" type="string">
            <column name="Dname" length="45" not-null="true" />
        </property>
        <set name="batches" table="batch" inverse="true" lazy="true" fetch="select">
            <key>
                <column name="department_id" />
            </key>
            <one-to-many class="model.Batch" />
        </set>
    </class>
</hibernate-mapping>
