<?xml version="1.0"?>
<!DOCTYPE hibernate-mapping PUBLIC "-//Hibernate/Hibernate Mapping DTD 3.0//EN"
"http://www.hibernate.org/dtd/hibernate-mapping-3.0.dtd">
<!-- Generated 7 Sep, 2017 7:26:21 PM by Hibernate Tools 4.3.1 -->
<hibernate-mapping>
    <class name="model.EmpStatus" table="emp_status" catalog="mydb" optimistic-lock="version">
        <id name="statusId" type="int">
            <column name="status_id" />
            <generator class="assigned" />
        </id>
        <property name="status" type="string">
            <column name="status" length="45" />
        </property>
    </class>
</hibernate-mapping>
