<?xml version="1.0"?>
<!DOCTYPE hibernate-mapping PUBLIC "-//Hibernate/Hibernate Mapping DTD 3.0//EN"
"http://www.hibernate.org/dtd/hibernate-mapping-3.0.dtd">
<!-- Generated 7 Sep, 2017 7:26:21 PM by Hibernate Tools 4.3.1 -->
<hibernate-mapping>
    <class name="model.Project1Audit" table="project1_audit" catalog="mydb" optimistic-lock="version">
        <id name="id" type="java.lang.Integer">
            <column name="id" />
            <generator class="identity" />
        </id>
        <property name="datetime" type="timestamp">
            <column name="datetime" length="19" not-null="true" />
        </property>
        <property name="ip" type="string">
            <column name="ip" length="40" not-null="true" />
        </property>
        <property name="user" type="string">
            <column name="user" length="300" />
        </property>
        <property name="table" type="string">
            <column name="table" length="300" />
        </property>
        <property name="action" type="string">
            <column name="action" length="250" not-null="true" />
        </property>
        <property name="description" type="string">
            <column name="description" length="16777215" />
        </property>
    </class>
</hibernate-mapping>
