<?xml version="1.0"?>
<!DOCTYPE hibernate-mapping PUBLIC "-//Hibernate/Hibernate Mapping DTD 3.0//EN"
"http://www.hibernate.org/dtd/hibernate-mapping-3.0.dtd">
<!-- Generated 7 Sep, 2017 7:26:21 PM by Hibernate Tools 4.3.1 -->
<hibernate-mapping>
    <class name="model.Project1Locking" table="project1_locking" catalog="mydb" optimistic-lock="version">
        <id name="id" type="java.lang.Integer">
            <column name="id" />
            <generator class="identity" />
        </id>
        <property name="table" type="string">
            <column name="table" length="300" not-null="true" />
        </property>
        <property name="startdatetime" type="timestamp">
            <column name="startdatetime" length="19" not-null="true" />
        </property>
        <property name="confirmdatetime" type="timestamp">
            <column name="confirmdatetime" length="19" not-null="true" />
        </property>
        <property name="keys" type="string">
            <column name="keys" length="300" not-null="true" />
        </property>
        <property name="sessionid" type="string">
            <column name="sessionid" length="100" not-null="true" />
        </property>
        <property name="userid" type="string">
            <column name="userid" length="300" not-null="true" />
        </property>
        <property name="action" type="java.lang.Integer">
            <column name="action" />
        </property>
    </class>
</hibernate-mapping>
