<?xml version="1.0"?>
<!DOCTYPE hibernate-mapping PUBLIC "-//Hibernate/Hibernate Mapping DTD 3.0//EN"
"http://www.hibernate.org/dtd/hibernate-mapping-3.0.dtd">
<!-- Generated 7 Sep, 2017 7:26:21 PM by Hibernate Tools 4.3.1 -->
<hibernate-mapping>
    <class name="model.University" table="university" catalog="mydb" optimistic-lock="version">
        <id name="universityId" type="java.lang.Integer">
            <column name="university_id" />
            <generator class="identity" />
        </id>
        <many-to-one name="division" class="model.Division" fetch="select">
            <column name="division_id" not-null="true" />
        </many-to-one>
        <property name="universityName" type="string">
            <column name="University_name" length="45" not-null="true" />
        </property>
        <property name="mouDate" type="date">
            <column name="MOU_date" length="10" />
        </property>
        <property name="tup" type="java.lang.Boolean">
            <column name="TUP" />
        </property>
        <property name="fs" type="java.lang.Boolean">
            <column name="FS" />
        </property>
        <property name="type" type="string">
            <column name="TYPE" length="45" />
        </property>
        <property name="lat" type="big_decimal">
            <column name="Lat" precision="20" scale="10" />
        </property>
        <property name="lng" type="big_decimal">
            <column name="Lng" precision="20" scale="10" />
        </property>
        <set name="batches" table="batch" inverse="true" lazy="true" fetch="select">
            <key>
                <column name="university_id" />
            </key>
            <one-to-many class="model.Batch" />
        </set>
    </class>
</hibernate-mapping>
